Plant,Model,Val_R2,Val_MAE,Val_RMSE,Val_MAPE,Test_R2,Test_MAE,Test_RMSE,Test_MAPE
Plant 1,Linear Regression,0.9625101158591414,30.480489708852634,78.0640728265346,33.568731444106156,0.9693339272133842,30.48470394643513,62.914657838866404,57.454310816096
Plant 1,Random Forest,0.9676429151461687,25.68018995287218,72.52351596783019,8.655643910809992,0.979614517090017,17.00628901278336,51.29597156146259,6.404365825445294
Plant 1,XGBoost,0.9666572905362198,25.630751895769535,73.61979450474777,8.519118867381852,0.979478045658772,16.79696814451624,51.46738662109921,6.125006467732953
Plant 2,Linear Regression,0.5130442723415877,123.54178201215042,251.71677691325672,66.62163026671817,0.6357814483277686,76.0180159090549,169.00071176090904,85.66607426908422
Plant 2,Random Forest,0.5329177417399811,114.2505072737723,246.52678307249644,25.3066768712422,0.6970522899307334,57.73566348236819,154.13147666220772,25.39722854819462
Plant 2,XGBoost,0.5501155892201157,115.28001047058001,241.945692886965,26.109837405434337,0.7098721789208886,58.262144864845276,150.835021783566,25.271616483331215
